SEASON_ID,TEAM_ID,TEAM_ABBREVIATION,TEAM_NAME,GAME_ID,GAME_DATE,MATCHUP,WL,MIN,FGM,FGA,FG_PCT,FG3M,FG3A,FG3_PCT,FTM,FTA,FT_PCT,OREB,DREB,REB,AST,STL,BLK,TOV,PF,PTS,PLUS_MINUS,VIDEO_AVAILABLE
,,,,,,,,,,,,,,,,,,,,,,,,,,,,
22025,1610612745,HOU,Houston Rockets,22500772,10/02/2026,HOU vs. LAC,W,240,36,79,0.456,14,28,0.5,16,18,0.889,10,34,44,19,7,5,18,15,102,7,1
22025,1610612754,IND,Indiana Pacers,22500771,10/02/2026,IND @ NYK,W,265,50,97,0.515,18,45,0.4,19,26,0.731,6,37,43,30,6,4,11,23,137,3,1
22025,1610612746,LAC,LA Clippers,22500772,10/02/2026,LAC @ HOU,L,240,36,88,0.409,8,30,0.267,15,23,0.652,17,28,45,24,11,5,12,18,95,-7,1
22025,1610612742,DAL,Dallas Mavericks,22500773,10/02/2026,DAL @ PHX,L,240,37,77,0.481,5,22,0.227,32,44,0.727,8,34,42,18,7,5,16,12,111,-9,1
22025,1610612752,NYK,New York Knicks,22500771,10/02/2026,NYK vs. IND,L,265,50,100,0.5,14,46,0.304,20,27,0.741,8,38,46,33,4,4,12,30,134,-3,1
22025,1610612756,PHX,Phoenix Suns,22500773,10/02/2026,PHX vs. DAL,W,240,49,102,0.48,16,50,0.32,6,9,0.667,18,31,49,32,8,3,14,27,120,9,1
22025,1610612759,SAS,San Antonio Spurs,22500774,10/02/2026,SAS @ LAL,W,240,52,92,0.565,13,33,0.394,19,25,0.76,9,36,45,34,14,6,13,18,136,28,1
22025,1610612747,LAL,Los Angeles Lakers,22500774,10/02/2026,LAL vs. SAS,L,240,41,85,0.482,11,25,0.44,15,20,0.75,5,29,34,23,7,2,18,20,108,-28,1
22025,1610612737,ATL,Atlanta Hawks,22500775,11/02/2026,ATL @ CHA,L,240,37,84,0.44,10,36,0.278,23,30,0.767,8,33,41,28,8,6,13,21,107,-3,1
22025,1610612749,MIL,Milwaukee Bucks,22500777,11/02/2026,MIL @ ORL,W,240,39,81,0.481,14,36,0.389,24,24,1,8,39,47,22,4,4,16,14,116,8,1
22025,1610612753,ORL,Orlando Magic,22500777,11/02/2026,ORL vs. MIL,L,240,35,82,0.427,20,47,0.426,18,21,0.857,7,23,30,31,12,6,9,24,108,-8,1
22025,1610612766,CHA,Charlotte Hornets,22500775,11/02/2026,CHA vs. ATL,W,240,33,88,0.375,19,51,0.373,25,29,0.862,15,35,50,21,10,6,16,23,110,3,1
22025,1610612755,PHI,Philadelphia 76ers,22500780,11/02/2026,PHI vs. NYK,L,240,33,88,0.375,6,32,0.188,17,21,0.81,12,26,38,16,9,6,18,18,89,-49,1
22025,1610612754,IND,Indiana Pacers,22500779,11/02/2026,IND @ BKN,W,240,45,92,0.489,15,42,0.357,10,14,0.714,9,33,42,29,11,5,12,18,115,5,1
22025,1610612752,NYK,New York Knicks,22500780,11/02/2026,NYK @ PHI,W,240,48,91,0.527,20,44,0.455,22,27,0.815,12,39,51,41,13,6,15,16,138,49,1
22025,1610612751,BKN,Brooklyn Nets,22500779,11/02/2026,BKN vs. IND,L,240,38,85,0.447,14,33,0.424,20,26,0.769,12,35,47,25,8,5,17,18,110,-5,1
22025,1610612757,POR,Portland Trail Blazers,22500783,11/02/2026,POR @ MIN,L,240,40,94,0.426,16,45,0.356,13,16,0.813,18,32,50,23,4,4,26,22,109,-24,1
22025,1610612750,MIN,Minnesota Timberwolves,22500783,11/02/2026,MIN vs. POR,W,240,45,87,0.517,14,34,0.412,29,35,0.829,11,32,43,26,14,6,15,21,133,24,1
22025,1610612746,LAC,LA Clippers,22500782,11/02/2026,LAC @ HOU,W,240,36,77,0.468,11,28,0.393,22,26,0.846,7,25,32,21,13,7,11,15,105,3,1
22025,1610612745,HOU,Houston Rockets,22500782,11/02/2026,HOU vs. LAC,L,240,38,82,0.463,12,36,0.333,14,18,0.778,13,32,45,25,3,9,21,17,102,-3,1
22025,1610612741,CHI,Chicago Bulls,22500778,11/02/2026,CHI @ BOS,L,240,41,89,0.461,12,36,0.333,11,13,0.846,9,25,34,25,9,5,13,18,105,-19,1
22025,1610612738,BOS,Boston Celtics,22500778,11/02/2026,BOS vs. CHI,W,240,49,95,0.516,18,45,0.4,8,13,0.615,13,35,48,29,9,8,14,15,124,19,1
22025,1610612762,UTA,Utah Jazz,22500786,11/02/2026,UTA vs. SAC,W,240,47,86,0.547,15,37,0.405,12,13,0.923,9,43,52,34,9,3,18,21,121,28,1
22025,1610612765,DET,Detroit Pistons,22500781,11/02/2026,DET @ TOR,W,240,41,89,0.461,14,34,0.412,17,25,0.68,17,30,47,24,10,8,16,21,113,18,1
22025,1610612758,SAC,Sacramento Kings,22500786,11/02/2026,SAC @ UTA,L,240,31,90,0.344,7,33,0.212,24,29,0.828,15,27,42,24,10,3,13,15,93,-28,1
22025,1610612763,MEM,Memphis Grizzlies,22500787,11/02/2026,MEM @ DEN,L,240,42,91,0.462,15,39,0.385,17,21,0.81,8,21,29,28,12,5,6,32,116,-6,1
22025,1610612761,TOR,Toronto Raptors,22500781,11/02/2026,TOR vs. DET,L,240,32,75,0.427,10,32,0.313,21,23,0.913,11,24,35,22,7,6,17,20,95,-18,1
22025,1610612760,OKC,Oklahoma City Thunder,22500785,11/02/2026,OKC @ PHX,W,240,52,89,0.584,15,36,0.417,17,19,0.895,8,29,37,28,6,3,8,8,136,27,1
22025,1610612756,PHX,Phoenix Suns,22500785,11/02/2026,PHX vs. OKC,L,240,43,92,0.467,15,42,0.357,8,13,0.615,15,28,43,26,4,5,12,12,109,-27,1
22025,1610612743,DEN,Denver Nuggets,22500787,11/02/2026,DEN vs. MEM,W,240,43,81,0.531,10,22,0.455,26,32,0.813,9,37,46,29,2,1,15,19,122,6,1
22025,1610612748,MIA,Miami Heat,22500784,11/02/2026,MIA @ NOP,W,240,42,102,0.412,14,47,0.298,25,33,0.758,18,38,56,25,8,9,8,15,123,12,1
22025,1610612740,NOP,New Orleans Pelicans,22500784,11/02/2026,NOP vs. MIA,L,240,42,92,0.457,11,31,0.355,16,19,0.842,8,38,46,27,5,3,13,23,111,-12,1
22025,1610612739,CLE,Cleveland Cavaliers,22500776,11/02/2026,CLE vs. WAS,W,240,45,83,0.542,16,38,0.421,32,37,0.865,16,35,51,30,9,8,21,15,138,25,1
22025,1610612764,WAS,Washington Wizards,22500776,11/02/2026,WAS @ CLE,L,240,42,104,0.404,14,46,0.304,15,18,0.833,19,21,40,26,13,4,15,21,113,-25,1
22025,1610612759,SAS,San Antonio Spurs,22500788,11/02/2026,SAS @ GSW,W,240,46,93,0.495,10,39,0.256,24,28,0.857,14,30,44,35,6,5,10,18,126,13,1
22025,1610612744,GSW,Golden State Warriors,22500788,11/02/2026,GSW vs. SAS,L,240,42,91,0.462,16,47,0.34,13,17,0.765,10,30,40,37,6,1,12,24,113,-13,1
22025,1610612749,MIL,Milwaukee Bucks,22500789,12/02/2026,MIL @ OKC,W,240,44,95,0.463,17,42,0.405,5,7,0.714,15,34,49,25,9,6,11,17,110,17,1
22025,1610612760,OKC,Oklahoma City Thunder,22500789,12/02/2026,OKC vs. MIL,L,240,31,83,0.373,15,45,0.333,16,20,0.8,14,33,47,22,3,6,16,8,93,-17,1
22025,1610612762,UTA,Utah Jazz,22500790,12/02/2026,UTA vs. POR,L,240,42,87,0.483,14,38,0.368,21,29,0.724,12,26,38,28,15,3,19,27,119,-16,1
22025,1610612757,POR,Portland Trail Blazers,22500790,12/02/2026,POR @ UTA,W,240,46,90,0.511,18,46,0.391,25,33,0.758,19,33,52,26,7,7,21,23,135,16,1
22025,1610612747,LAL,Los Angeles Lakers,22500791,12/02/2026,LAL vs. DAL,W,240,48,86,0.558,10,31,0.323,18,21,0.857,10,34,44,35,8,3,13,20,124,20,1
22025,1610612742,DAL,Dallas Mavericks,22500791,12/02/2026,DAL @ LAL,L,240,39,79,0.494,7,26,0.269,19,25,0.76,4,24,28,22,7,1,15,18,104,-20,1
22025,1610612755,PHI,Philadelphia 76ers,22500794,19/02/2026,PHI vs. ATL,L,240,33,86,0.384,11,33,0.333,30,37,0.811,12,34,46,17,9,13,16,27,107,-10,1
22025,1610612765,DET,Detroit Pistons,22500796,19/02/2026,DET @ NYK,W,240,48,93,0.516,13,30,0.433,17,20,0.85,11,33,44,30,9,8,15,20,126,15,1
22025,1610612745,HOU,Houston Rockets,22500792,19/02/2026,HOU @ CHA,W,240,42,85,0.494,9,32,0.281,12,13,0.923,8,31,39,19,15,8,11,15,105,4,1
22025,1610612766,CHA,Charlotte Hornets,22500792,19/02/2026,CHA vs. HOU,L,240,36,84,0.429,14,42,0.333,15,18,0.833,12,34,46,25,7,2,16,12,101,-4,1
22025,1610612754,IND,Indiana Pacers,22500795,19/02/2026,IND @ WAS,L,240,34,83,0.41,15,42,0.357,22,27,0.815,8,42,50,22,7,4,23,22,105,-7,1
22025,1610612741,CHI,Chicago Bulls,22500797,19/02/2026,CHI vs. TOR,L,240,36,86,0.419,12,40,0.3,17,21,0.81,11,35,46,22,6,5,23,18,101,-9,1
22025,1610612761,TOR,Toronto Raptors,22500797,19/02/2026,TOR @ CHI,W,240,38,90,0.422,7,23,0.304,27,31,0.871,11,35,46,23,14,3,14,20,110,9,1
22025,1610612752,NYK,New York Knicks,22500796,19/02/2026,NYK vs. DET,L,240,41,87,0.471,8,35,0.229,21,28,0.75,11,27,38,24,9,7,12,22,111,-15,1
22025,1610612759,SAS,San Antonio Spurs,22500798,19/02/2026,SAS vs. PHX,W,240,45,87,0.517,13,37,0.351,18,20,0.9,11,39,50,30,6,7,12,12,121,27,1
22025,1610612756,PHX,Phoenix Suns,22500798,19/02/2026,PHX @ SAS,L,240,39,105,0.371,12,42,0.286,4,6,0.667,19,27,46,22,7,5,13,16,94,-27,1
22025,1610612737,ATL,Atlanta Hawks,22500794,19/02/2026,ATL @ PHI,W,240,38,89,0.427,10,32,0.313,31,40,0.775,14,37,51,24,11,5,14,23,117,10,1
22025,1610612758,SAC,Sacramento Kings,22500800,19/02/2026,SAC vs. ORL,L,240,35,86,0.407,8,27,0.296,16,20,0.8,11,37,48,22,9,3,19,16,94,-37,1
22025,1610612753,ORL,Orlando Magic,22500800,19/02/2026,ORL @ SAC,W,240,45,90,0.5,27,50,0.54,14,17,0.824,5,36,41,28,13,4,10,17,131,37,1
22025,1610612738,BOS,Boston Celtics,22500799,19/02/2026,BOS @ GSW,W,240,49,95,0.516,17,40,0.425,6,7,0.857,13,41,54,36,7,6,13,6,121,11,1
22025,1610612743,DEN,Denver Nuggets,22500801,19/02/2026,DEN @ LAC,L,240,39,86,0.453,13,40,0.325,23,31,0.742,6,39,45,29,8,2,17,24,114,-1,1
22025,1610612746,LAC,LA Clippers,22500801,19/02/2026,LAC vs. DEN,W,240,41,87,0.471,8,33,0.242,25,30,0.833,7,38,45,27,9,4,14,23,115,1,1
22025,1610612764,WAS,Washington Wizards,22500795,19/02/2026,WAS vs. IND,W,240,43,98,0.439,11,37,0.297,15,20,0.75,10,36,46,30,14,5,10,17,112,7,1
22025,1610612751,BKN,Brooklyn Nets,22500793,19/02/2026,BKN @ CLE,L,240,30,87,0.345,14,49,0.286,10,16,0.625,6,30,36,25,8,4,12,19,84,-28,1
22025,1610612739,CLE,Cleveland Cavaliers,22500793,19/02/2026,CLE vs. BKN,W,240,44,86,0.512,12,35,0.343,12,20,0.6,8,48,56,27,7,7,14,13,112,28,1
22025,1610612744,GSW,Golden State Warriors,22500799,19/02/2026,GSW vs. BOS,L,240,43,96,0.448,20,55,0.364,4,8,0.5,11,29,40,30,8,4,9,11,110,-11,1
22025,1610612747,LAL,Los Angeles Lakers,22500809,20/02/2026,LAL vs. LAC,W,240,44,85,0.518,17,31,0.548,20,25,0.8,5,27,32,31,8,4,12,24,125,3,1
22025,1610612746,LAC,LA Clippers,22500809,20/02/2026,LAC @ LAL,L,240,45,82,0.549,8,21,0.381,24,29,0.828,10,32,42,25,7,5,16,20,122,-3,1
22025,1610612757,POR,Portland Trail Blazers,22500810,20/02/2026,POR vs. DEN,L,240,35,86,0.407,15,47,0.319,18,29,0.621,8,28,36,25,8,5,18,20,103,-54,1
22025,1610612743,DEN,Denver Nuggets,22500810,20/02/2026,DEN @ POR,W,240,55,96,0.573,21,41,0.512,26,32,0.813,13,47,60,41,12,3,16,22,157,54,1
22025,1610612737,ATL,Atlanta Hawks,22500805,20/02/2026,ATL vs. MIA,L,240,36,95,0.379,16,38,0.421,9,15,0.6,12,34,46,26,4,3,13,16,97,-31,1
22025,1610612748,MIA,Miami Heat,22500805,20/02/2026,MIA @ ATL,W,240,52,100,0.52,13,35,0.371,11,14,0.786,11,47,58,31,8,4,9,21,128,31,1
22025,1610612749,MIL,Milwaukee Bucks,22500807,20/02/2026,MIL @ NOP,W,240,55,92,0.598,15,36,0.417,14,18,0.778,8,29,37,28,9,8,15,17,139,21,1
22025,1610612754,IND,Indiana Pacers,22500803,20/02/2026,IND @ WAS,L,240,43,90,0.478,18,49,0.367,14,21,0.667,9,31,40,32,12,0,21,16,118,-13,1
22025,1610612740,NOP,New Orleans Pelicans,22500807,20/02/2026,NOP vs. MIL,L,240,47,87,0.54,4,25,0.16,20,28,0.714,9,28,37,22,10,5,14,17,118,-21,1
22025,1610612760,OKC,Oklahoma City Thunder,22500808,20/02/2026,OKC vs. BKN,W,240,35,83,0.422,13,35,0.371,22,25,0.88,13,34,47,22,11,4,19,19,105,19,1
22025,1610612751,BKN,Brooklyn Nets,22500808,20/02/2026,BKN @ OKC,L,240,29,79,0.367,7,41,0.171,21,26,0.808,10,30,40,19,11,7,21,23,86,-19,1
22025,1610612742,DAL,Dallas Mavericks,22500806,20/02/2026,DAL @ MIN,L,240,41,97,0.423,8,25,0.32,21,29,0.724,15,30,45,21,12,3,12,18,111,-11,1
22025,1610612750,MIN,Minnesota Timberwolves,22500806,20/02/2026,MIN vs. DAL,W,240,47,99,0.475,16,42,0.381,12,19,0.632,17,37,54,28,7,8,19,22,122,11,1
22025,1610612763,MEM,Memphis Grizzlies,22500804,20/02/2026,MEM vs. UTA,W,240,45,92,0.489,12,33,0.364,21,33,0.636,11,34,45,29,15,6,17,16,123,9,1
22025,1610612764,WAS,Washington Wizards,22500803,20/02/2026,WAS vs. IND,W,240,55,95,0.579,6,29,0.207,15,19,0.789,10,38,48,36,14,9,18,15,131,13,1
22025,1610612766,CHA,Charlotte Hornets,22500802,20/02/2026,CHA vs. CLE,L,240,36,92,0.391,20,56,0.357,21,22,0.955,23,22,45,26,5,4,14,23,113,-5,1
22025,1610612762,UTA,Utah Jazz,22500804,20/02/2026,UTA @ MEM,L,240,46,93,0.495,13,34,0.382,9,16,0.563,12,37,49,28,11,6,24,24,114,-9,1
22025,1610612739,CLE,Cleveland Cavaliers,22500802,20/02/2026,CLE @ CHA,W,240,41,77,0.532,10,21,0.476,26,28,0.929,11,28,39,24,10,3,12,21,118,5,1
22025,1610612756,PHX,Phoenix Suns,22500811,21/02/2026,PHX vs. ORL,W,290,40,117,0.342,16,55,0.291,17,24,0.708,22,43,65,20,11,4,9,20,113,3,1
22025,1610612740,NOP,New Orleans Pelicans,22500812,21/02/2026,NOP vs. PHI,W,240,40,81,0.494,17,34,0.5,29,38,0.763,10,39,49,25,5,8,15,25,126,15,1
22025,1610612765,DET,Detroit Pistons,22500814,21/02/2026,DET @ CHI,W,240,51,105,0.486,13,29,0.448,11,15,0.733,13,37,50,34,12,6,14,20,126,16,1
22025,1610612741,CHI,Chicago Bulls,22500814,21/02/2026,CHI vs. DET,L,240,38,84,0.452,17,40,0.425,17,24,0.708,8,36,44,29,10,13,23,17,110,-16,1
22025,1610612752,NYK,New York Knicks,22500816,21/02/2026,NYK vs. HOU,W,240,42,85,0.494,10,26,0.385,14,16,0.875,8,21,29,26,11,0,12,19,108,2,1
22025,1610612745,HOU,Houston Rockets,22500816,21/02/2026,HOU @ NYK,L,240,38,80,0.475,12,31,0.387,18,23,0.783,13,31,44,24,5,6,20,20,106,-2,1
22025,1610612759,SAS,San Antonio Spurs,22500815,21/02/2026,SAS vs. SAC,W,240,52,94,0.553,13,34,0.382,22,28,0.786,12,36,48,32,5,7,18,20,139,17,1
22025,1610612758,SAC,Sacramento Kings,22500815,21/02/2026,SAC @ SAS,L,240,45,96,0.469,9,32,0.281,23,25,0.92,10,25,35,33,11,7,12,20,122,-17,1
22025,1610612753,ORL,Orlando Magic,22500811,21/02/2026,ORL @ PHX,L,290,42,98,0.429,10,39,0.256,16,19,0.842,10,43,53,24,6,15,16,21,110,-3,1
22025,1610612755,PHI,Philadelphia 76ers,22500812,21/02/2026,PHI @ NOP,L,240,36,94,0.383,12,46,0.261,27,33,0.818,12,35,47,19,10,5,11,25,111,-15,1
22025,1610612763,MEM,Memphis Grizzlies,22500813,21/02/2026,MEM @ MIA,L,240,45,95,0.474,15,43,0.349,15,22,0.682,9,26,35,31,14,7,13,22,120,-16,1
22025,1610612748,MIA,Miami Heat,22500813,21/02/2026,MIA vs. MEM,W,240,49,95,0.516,13,36,0.361,25,33,0.758,17,40,57,36,8,5,18,21,136,16,1
22025,1610612760,OKC,Oklahoma City Thunder,22500817,22/02/2026,OKC vs. CLE,W,240,42,86,0.488,21,41,0.512,16,25,0.64,13,31,44,32,12,4,16,19,121,8,1
22025,1610612739,CLE,Cleveland Cavaliers,22500817,22/02/2026,CLE @ OKC,L,240,43,89,0.483,13,39,0.333,14,19,0.737,12,32,44,28,9,3,17,22,113,-8,1
22025,1610612761,TOR,Toronto Raptors,22500819,22/02/2026,TOR @ MIL,W,240,44,94,0.468,16,46,0.348,18,23,0.783,14,31,45,34,11,3,8,19,122,28,1
22025,1610612751,BKN,Brooklyn Nets,22500818,22/02/2026,BKN @ ATL,L,240,38,85,0.447,12,34,0.353,16,22,0.727,9,25,34,29,9,4,13,18,104,-11,1
22025,1610612744,GSW,Golden State Warriors,22500820,22/02/2026,GSW vs. DEN,W,240,48,94,0.511,21,52,0.404,11,12,0.917,9,35,44,42,14,2,18,24,128,11,1
22025,1610612754,IND,Indiana Pacers,22500821,22/02/2026,IND vs. DAL,L,240,47,94,0.5,20,42,0.476,16,20,0.8,9,30,39,37,8,3,16,23,130,-4,1
22025,1610612738,BOS,Boston Celtics,22500823,22/02/2026,BOS @ LAL,W,240,40,83,0.482,14,36,0.389,17,21,0.81,9,41,50,29,6,5,14,19,111,22,1
22025,1610612750,MIN,Minnesota Timberwolves,22500824,22/02/2026,MIN vs. PHI,L,240,34,71,0.479,10,33,0.303,30,36,0.833,6,33,39,22,7,8,21,15,108,-27,1
22025,1610612755,PHI,Philadelphia 76ers,22500824,22/02/2026,PHI @ MIN,W,240,50,97,0.515,21,37,0.568,14,21,0.667,10,29,39,31,14,1,11,22,135,27,1
22025,1610612757,POR,Portland Trail Blazers,22500826,22/02/2026,POR @ PHX,W,240,38,81,0.469,10,37,0.27,6,11,0.545,13,34,47,23,10,11,21,11,92,15,1
22025,1610612752,NYK,New York Knicks,22500825,22/02/2026,NYK @ CHI,W,240,38,84,0.452,15,42,0.357,14,21,0.667,10,40,50,27,9,4,13,17,105,6,1
22025,1610612753,ORL,Orlando Magic,22500827,22/02/2026,ORL @ LAC,W,240,40,83,0.482,8,23,0.348,23,31,0.742,12,31,43,25,7,3,12,21,111,2,1
22025,1610612746,LAC,LA Clippers,22500827,22/02/2026,LAC vs. ORL,L,240,40,83,0.482,5,23,0.217,24,28,0.857,9,34,43,18,9,9,10,18,109,-2,1
22025,1610612741,CHI,Chicago Bulls,22500825,22/02/2026,CHI vs. NYK,L,240,34,86,0.395,16,46,0.348,15,21,0.714,13,37,50,24,8,2,17,17,99,-6,1
22025,1610612747,LAL,Los Angeles Lakers,22500823,22/02/2026,LAL vs. BOS,L,240,34,87,0.391,9,30,0.3,12,18,0.667,8,31,39,18,7,5,8,19,89,-22,1
22025,1610612743,DEN,Denver Nuggets,22500820,22/02/2026,DEN @ GSW,L,240,42,91,0.462,8,31,0.258,25,29,0.862,14,30,44,25,13,3,17,11,117,-11,1
22025,1610612749,MIL,Milwaukee Bucks,22500819,22/02/2026,MIL vs. TOR,L,240,35,85,0.412,9,32,0.281,15,19,0.789,13,33,46,18,4,4,19,16,94,-28,1
22025,1610612742,DAL,Dallas Mavericks,22500821,22/02/2026,DAL @ IND,W,240,51,94,0.543,11,28,0.393,21,32,0.656,10,35,45,29,9,2,11,13,134,4,1
22025,1610612764,WAS,Washington Wizards,22500822,22/02/2026,WAS vs. CHA,L,240,41,84,0.488,18,42,0.429,12,17,0.706,9,28,37,24,6,5,11,17,112,-17,1
22025,1610612737,ATL,Atlanta Hawks,22500818,22/02/2026,ATL vs. BKN,W,240,42,87,0.483,13,33,0.394,18,21,0.857,15,37,52,28,10,4,17,16,115,11,1
22025,1610612766,CHA,Charlotte Hornets,22500822,22/02/2026,CHA @ WAS,W,240,43,87,0.494,25,46,0.543,18,25,0.72,16,37,53,27,9,5,12,17,129,17,1
22025,1610612756,PHX,Phoenix Suns,22500826,22/02/2026,PHX vs. POR,L,240,31,85,0.365,9,35,0.257,6,6,1,13,28,41,16,14,3,23,16,77,-15,1
22025,1610612759,SAS,San Antonio Spurs,22500828,23/02/2026,SAS @ DET,W,240,42,101,0.416,18,40,0.45,12,19,0.632,16,34,50,32,8,11,16,22,114,11,1
22025,1610612763,MEM,Memphis Grizzlies,22500829,23/02/2026,MEM vs. SAC,L,240,42,87,0.483,12,34,0.353,18,20,0.9,9,28,37,33,13,3,18,18,114,-9,1
22025,1610612758,SAC,Sacramento Kings,22500829,23/02/2026,SAC @ MEM,W,240,47,94,0.5,10,29,0.345,19,25,0.76,13,32,45,30,12,7,15,15,123,9,1
22025,1610612762,UTA,Utah Jazz,22500830,23/02/2026,UTA @ HOU,L,240,36,98,0.367,8,44,0.182,25,30,0.833,13,23,36,23,17,3,12,10,105,-20,1
22025,1610612745,HOU,Houston Rockets,22500830,23/02/2026,HOU vs. UTA,W,240,49,86,0.57,18,40,0.45,9,11,0.818,10,43,53,34,10,8,27,20,125,20,1
22025,1610612765,DET,Detroit Pistons,22500828,23/02/2026,DET vs. SAS,L,240,40,106,0.377,7,36,0.194,16,19,0.842,20,35,55,21,7,8,16,19,103,-11,1
22025,1610612754,IND,Indiana Pacers,22500831,24/02/2026,IND vs. PHI,L,240,41,95,0.432,13,43,0.302,19,22,0.864,12,29,41,27,8,4,18,19,114,-21,1
22025,1610612755,PHI,Philadelphia 76ers,22500831,24/02/2026,PHI @ IND,W,240,53,92,0.576,8,29,0.276,21,25,0.84,6,38,44,29,14,5,13,21,135,21,1
22025,1610612766,CHA,Charlotte Hornets,22500836,24/02/2026,CHA @ CHI,W,240,49,95,0.516,25,57,0.439,8,9,0.889,14,32,46,31,13,8,17,14,131,32,1
22025,1610612764,WAS,Washington Wizards,22500832,24/02/2026,WAS @ ATL,L,240,37,84,0.44,10,31,0.323,14,17,0.824,2,39,41,23,9,8,20,19,98,-21,1
22025,1610612761,TOR,Toronto Raptors,22500834,24/02/2026,TOR vs. OKC,L,240,41,88,0.466,18,38,0.474,7,12,0.583,7,27,34,30,10,8,16,22,107,-9,1
22025,1610612760,OKC,Oklahoma City Thunder,22500834,24/02/2026,OKC @ TOR,W,240,45,95,0.474,16,40,0.4,10,12,0.833,12,37,49,26,10,5,19,19,116,9,1
22025,1610612751,BKN,Brooklyn Nets,22500833,24/02/2026,BKN vs. DAL,L,240,41,80,0.513,13,32,0.406,19,27,0.704,5,23,28,29,11,2,11,21,114,-9,1
22025,1610612742,DAL,Dallas Mavericks,22500833,24/02/2026,DAL @ BKN,W,240,48,82,0.585,8,23,0.348,19,24,0.792,10,34,44,26,5,4,16,19,123,9,1
22025,1610612741,CHI,Chicago Bulls,22500836,24/02/2026,CHI vs. CHA,L,240,35,82,0.427,16,40,0.4,13,15,0.867,9,24,33,18,9,1,21,12,99,-32,1
22025,1610612737,ATL,Atlanta Hawks,22500832,24/02/2026,ATL vs. WAS,W,240,42,107,0.393,12,50,0.24,23,26,0.885,19,42,61,33,14,2,11,18,119,21,1
22025,1610612752,NYK,New York Knicks,22500835,24/02/2026,NYK @ CLE,L,240,35,86,0.407,10,37,0.27,14,21,0.667,11,33,44,23,7,8,17,22,94,-15,1
22025,1610612748,MIA,Miami Heat,22500837,24/02/2026,MIA @ MIL,L,240,40,94,0.426,16,48,0.333,21,27,0.778,14,37,51,32,8,5,16,18,117,-11,1
22025,1610612738,BOS,Boston Celtics,22500839,24/02/2026,BOS @ PHX,W,240,38,95,0.4,13,47,0.277,8,9,0.889,22,39,61,24,4,7,11,13,97,16,1
22025,1610612739,CLE,Cleveland Cavaliers,22500835,24/02/2026,CLE vs. NYK,W,240,37,87,0.425,13,35,0.371,22,30,0.733,13,31,44,23,11,6,11,18,109,15,1
22025,1610612749,MIL,Milwaukee Bucks,22500837,24/02/2026,MIL vs. MIA,W,240,48,97,0.495,16,39,0.41,16,19,0.842,10,36,46,25,10,3,11,20,128,11,1
22025,1610612756,PHX,Phoenix Suns,22500839,24/02/2026,PHX vs. BOS,L,240,29,79,0.367,12,36,0.333,11,13,0.846,9,25,34,18,4,5,8,16,81,-16,1
22025,1610612750,MIN,Minnesota Timberwolves,22500841,24/02/2026,MIN @ POR,W,240,47,88,0.534,17,35,0.486,13,19,0.684,13,28,41,26,14,8,16,25,124,3,1
22025,1610612747,LAL,Los Angeles Lakers,22500840,24/02/2026,LAL vs. ORL,L,240,40,83,0.482,9,29,0.31,20,28,0.714,7,32,39,24,6,8,12,19,109,-1,1
22025,1610612757,POR,Portland Trail Blazers,22500841,24/02/2026,POR vs. MIN,L,240,42,89,0.472,14,35,0.4,23,30,0.767,16,28,44,27,10,4,16,17,121,-3,1
22025,1610612753,ORL,Orlando Magic,22500840,24/02/2026,ORL @ LAL,W,240,43,94,0.457,7,29,0.241,17,23,0.739,12,35,47,26,7,5,11,20,110,1,1
22025,1610612740,NOP,New Orleans Pelicans,22500838,24/02/2026,NOP vs. GSW,W,240,43,101,0.426,10,40,0.25,17,23,0.739,21,32,53,20,12,9,17,19,113,4,1
22025,1610612744,GSW,Golden State Warriors,22500838,24/02/2026,GSW @ NOP,L,240,40,97,0.412,11,45,0.244,18,23,0.783,21,38,59,26,8,6,21,21,109,-4,1
22025,1610612744,GSW,Golden State Warriors,22500844,25/02/2026,GSW @ MEM,W,240,49,92,0.533,19,46,0.413,16,19,0.842,14,34,48,37,12,6,16,21,133,21,1
22025,1610612763,MEM,Memphis Grizzlies,22500844,25/02/2026,MEM vs. GSW,L,240,41,84,0.488,17,41,0.415,13,18,0.722,10,24,34,30,7,4,16,16,112,-21,1
22025,1610612765,DET,Detroit Pistons,22500842,25/02/2026,DET vs. OKC,W,240,48,89,0.539,9,27,0.333,19,26,0.731,16,36,52,29,9,12,17,21,124,8,1
22025,1610612749,MIL,Milwaukee Bucks,22500846,25/02/2026,MIL vs. CLE,W,240,48,88,0.545,19,45,0.422,3,5,0.6,8,28,36,28,7,2,13,20,118,2,1
22025,1610612739,CLE,Cleveland Cavaliers,22500846,25/02/2026,CLE @ MIL,L,240,42,87,0.483,12,40,0.3,20,27,0.741,16,28,44,28,7,2,11,10,116,-2,1
22025,1610612760,OKC,Oklahoma City Thunder,22500842,25/02/2026,OKC @ DET,L,240,39,96,0.406,18,49,0.367,20,21,0.952,12,25,37,28,7,3,14,20,116,-8,1
22025,1610612759,SAS,San Antonio Spurs,22500843,25/02/2026,SAS @ TOR,W,240,40,86,0.465,17,39,0.436,13,23,0.565,6,34,40,28,11,5,13,20,110,3,1
22025,1610612761,TOR,Toronto Raptors,22500843,25/02/2026,TOR vs. SAS,L,240,38,90,0.422,8,23,0.348,23,27,0.852,12,38,50,17,6,4,13,20,107,-3,1
22025,1610612758,SAC,Sacramento Kings,22500845,25/02/2026,SAC @ HOU,L,240,37,93,0.398,7,32,0.219,16,20,0.8,16,27,43,22,9,2,12,15,97,-31,1
22025,1610612745,HOU,Houston Rockets,22500845,25/02/2026,HOU vs. SAC,W,240,47,86,0.547,17,39,0.436,17,19,0.895,9,35,44,29,6,8,13,14,128,31,1
22025,1610612743,DEN,Denver Nuggets,22500847,25/02/2026,DEN vs. BOS,W,240,39,93,0.419,15,43,0.349,10,18,0.556,14,40,54,28,4,4,9,18,103,19,1
22025,1610612738,BOS,Boston Celtics,22500847,25/02/2026,BOS @ DEN,L,240,29,83,0.349,12,43,0.279,14,18,0.778,9,39,48,18,4,8,14,20,84,-19,1
22025,1610612754,IND,Indiana Pacers,22500848,26/02/2026,IND vs. CHA,L,240,41,87,0.471,11,35,0.314,16,20,0.8,12,25,37,28,7,3,12,15,109,-24,1
22025,1610612766,CHA,Charlotte Hornets,22500848,26/02/2026,CHA @ IND,W,240,48,86,0.558,22,46,0.478,15,19,0.789,11,35,46,35,10,4,17,19,133,24,1
22025,1610612748,MIA,Miami Heat,22500849,26/02/2026,MIA @ PHI,L,240,40,87,0.46,17,40,0.425,20,26,0.769,10,35,45,25,8,2,14,14,117,-7,1
22025,1610612764,WAS,Washington Wizards,22500850,26/02/2026,WAS @ ATL,L,240,36,94,0.383,9,33,0.273,15,16,0.938,11,33,44,17,7,3,14,22,96,-30,1
22025,1610612737,ATL,Atlanta Hawks,22500850,26/02/2026,ATL vs. WAS,W,240,42,91,0.462,13,39,0.333,29,37,0.784,11,45,56,30,12,8,14,17,126,30,1
22025,1610612753,ORL,Orlando Magic,22500852,26/02/2026,ORL vs. HOU,L,240,40,88,0.455,15,37,0.405,13,21,0.619,15,25,40,25,11,4,12,16,108,-5,1
22025,1610612745,HOU,Houston Rockets,22500852,26/02/2026,HOU @ ORL,W,240,43,82,0.524,11,29,0.379,16,20,0.8,10,31,41,24,7,9,13,17,113,5,1
22025,1610612755,PHI,Philadelphia 76ers,22500849,26/02/2026,PHI vs. MIA,W,240,45,94,0.479,17,43,0.395,17,18,0.944,11,38,49,26,11,3,14,22,124,7,1
22025,1610612741,CHI,Chicago Bulls,22500853,26/02/2026,CHI vs. POR,L,240,40,80,0.5,9,30,0.3,23,30,0.767,6,35,41,29,8,4,22,24,112,-9,1
22025,1610612757,POR,Portland Trail Blazers,22500853,26/02/2026,POR @ CHI,W,240,42,95,0.442,10,46,0.217,27,31,0.871,15,30,45,27,10,8,12,19,121,9,1
22025,1610612758,SAC,Sacramento Kings,22500854,26/02/2026,SAC @ DAL,W,240,51,101,0.505,8,26,0.308,20,25,0.8,16,30,46,29,11,4,5,22,130,9,1
22025,1610612762,UTA,Utah Jazz,22500856,26/02/2026,UTA vs. NOP,L,240,45,90,0.5,12,37,0.324,16,25,0.64,15,22,37,28,14,6,18,21,118,-11,1
22025,1610612756,PHX,Phoenix Suns,22500855,26/02/2026,PHX vs. LAL,W,240,40,87,0.46,22,50,0.44,11,14,0.786,15,26,41,22,9,5,12,23,113,3,1
22025,1610612747,LAL,Los Angeles Lakers,22500855,26/02/2026,LAL @ PHX,L,240,38,75,0.507,11,29,0.379,23,26,0.885,10,29,39,20,8,2,13,15,110,-3,1
22025,1610612742,DAL,Dallas Mavericks,22500854,26/02/2026,DAL vs. SAC,L,240,45,81,0.556,10,23,0.435,21,34,0.618,8,34,42,23,4,3,18,16,121,-9,1
22025,1610612740,NOP,New Orleans Pelicans,22500856,26/02/2026,NOP @ UTA,W,240,46,88,0.523,13,34,0.382,24,27,0.889,13,27,40,37,13,8,18,22,129,11,1
22025,1610612746,LAC,LA Clippers,22500857,26/02/2026,LAC vs. MIN,L,240,30,74,0.405,5,22,0.227,23,29,0.793,6,34,40,21,8,2,19,17,88,-6,1
22025,1610612750,MIN,Minnesota Timberwolves,22500857,26/02/2026,MIN @ LAC,W,240,36,83,0.434,8,26,0.308,14,19,0.737,7,34,41,23,8,5,13,19,94,6,1
22025,1610612759,SAS,San Antonio Spurs,22500851,26/02/2026,SAS @ BKN,W,240,43,87,0.494,17,42,0.405,23,27,0.852,10,29,39,36,13,5,9,19,126,16,1
22025,1610612751,BKN,Brooklyn Nets,22500851,26/02/2026,BKN vs. SAS,L,240,41,89,0.461,13,34,0.382,15,17,0.882,15,35,50,26,5,1,15,19,110,-16,1
22025,1610612760,OKC,Oklahoma City Thunder,22500862,27/02/2026,OKC vs. DEN,W,265,46,99,0.465,12,35,0.343,23,27,0.852,8,48,56,29,14,10,12,16,127,6,1
22025,1610612743,DEN,Denver Nuggets,22500862,27/02/2026,DEN @ OKC,L,265,43,103,0.417,18,48,0.375,17,22,0.773,11,40,51,27,10,6,18,22,121,-6,1
22025,1610612763,MEM,Memphis Grizzlies,22500861,27/02/2026,MEM @ DAL,W,240,47,93,0.505,12,32,0.375,18,21,0.857,10,33,43,29,13,7,11,26,124,19,1
22025,1610612742,DAL,Dallas Mavericks,22500861,27/02/2026,DAL vs. MEM,L,240,37,88,0.42,9,32,0.281,22,33,0.667,13,33,46,24,4,4,21,13,105,-19,1
22025,1610612738,BOS,Boston Celtics,22500859,27/02/2026,BOS vs. BKN,W,240,52,78,0.667,22,34,0.647,22,27,0.815,7,32,39,38,9,7,12,17,148,37,1
22025,1610612751,BKN,Brooklyn Nets,22500859,27/02/2026,BKN @ BOS,L,240,43,88,0.489,14,34,0.412,11,16,0.688,9,16,25,29,7,2,12,25,111,-37,1
22025,1610612765,DET,Detroit Pistons,22500858,27/02/2026,DET vs. CLE,W,265,46,100,0.46,6,27,0.222,24,33,0.727,21,35,56,26,14,6,16,27,122,3,1
22025,1610612752,NYK,New York Knicks,22500860,27/02/2026,NYK @ MIL,W,240,46,88,0.523,21,42,0.5,14,16,0.875,7,37,44,33,7,6,11,20,127,29,1
22025,1610612749,MIL,Milwaukee Bucks,22500860,27/02/2026,MIL vs. NYK,L,240,33,77,0.429,16,42,0.381,16,22,0.727,4,30,34,24,5,3,16,16,98,-29,1
22025,1610612739,CLE,Cleveland Cavaliers,22500858,27/02/2026,CLE @ DET,L,265,43,94,0.457,13,35,0.371,20,27,0.741,11,30,41,32,10,9,18,24,119,-3,1
22025,1610612745,HOU,Houston Rockets,22500864,28/02/2026,HOU @ MIA,L,240,41,95,0.432,9,36,0.25,14,21,0.667,15,32,47,26,6,2,11,18,105,-10,1
22025,1610612748,MIA,Miami Heat,22500864,28/02/2026,MIA vs. HOU,W,240,45,90,0.5,11,31,0.355,14,20,0.7,14,33,47,22,3,4,14,18,115,10,1
22025,1610612764,WAS,Washington Wizards,22500865,28/02/2026,WAS vs. TOR,L,240,47,88,0.534,16,34,0.471,15,21,0.714,12,23,35,23,3,8,14,20,125,-9,1
22025,1610612761,TOR,Toronto Raptors,22500865,28/02/2026,TOR @ WAS,W,240,51,85,0.6,9,22,0.409,23,27,0.852,8,27,35,31,7,3,10,22,134,9,1
22025,1610612747,LAL,Los Angeles Lakers,22500866,28/02/2026,LAL @ GSW,W,240,48,90,0.533,19,41,0.463,14,20,0.7,10,37,47,29,7,5,10,11,129,28,1
22025,1610612744,GSW,Golden State Warriors,22500866,28/02/2026,GSW vs. LAL,L,240,41,91,0.451,12,44,0.273,7,9,0.778,9,31,40,32,6,4,11,19,101,-28,1
22025,1610612740,NOP,New Orleans Pelicans,22500867,28/02/2026,NOP @ UTA,W,240,39,85,0.459,15,44,0.341,22,29,0.759,12,46,58,32,5,11,19,23,115,10,1
22025,1610612762,UTA,Utah Jazz,22500867,28/02/2026,UTA vs. NOP,L,240,33,96,0.344,12,43,0.279,27,33,0.818,13,27,40,24,10,5,7,20,105,-10,1
22025,1610612766,CHA,Charlotte Hornets,22500863,28/02/2026,CHA vs. POR,W,240,38,91,0.418,16,42,0.381,17,25,0.68,20,35,55,24,11,0,16,22,109,16,1
22025,1610612757,POR,Portland Trail Blazers,22500863,28/02/2026,POR @ CHA,L,240,35,86,0.407,11,47,0.234,12,19,0.632,11,28,39,22,8,7,17,19,93,-16,1
22025,1610612741,CHI,Chicago Bulls,22500870,01/03/2026,CHI vs. MIL,W,240,43,84,0.512,18,49,0.367,16,23,0.696,7,43,50,34,14,8,18,14,120,23,1
22025,1610612752,NYK,New York Knicks,22500868,01/03/2026,NYK vs. SAS,W,240,43,97,0.443,17,48,0.354,11,19,0.579,18,36,54,27,13,3,14,19,114,25,1
22025,1610612759,SAS,San Antonio Spurs,22500868,01/03/2026,SAS @ NYK,L,240,32,77,0.416,9,34,0.265,16,22,0.727,10,31,41,25,7,5,22,21,89,-25,1
22025,1610612739,CLE,Cleveland Cavaliers,22500869,01/03/2026,CLE @ BKN,W,240,34,70,0.486,13,27,0.481,25,37,0.676,8,30,38,25,9,7,17,21,106,4,1
22025,1610612749,MIL,Milwaukee Bucks,22500870,01/03/2026,MIL @ CHI,L,240,35,95,0.368,13,46,0.283,14,17,0.824,11,34,45,26,9,3,19,19,97,-23,1
22025,1610612743,DEN,Denver Nuggets,22500871,01/03/2026,DEN vs. MIN,L,240,41,85,0.482,6,22,0.273,20,27,0.741,11,33,44,21,2,4,14,14,108,-9,1
22025,1610612750,MIN,Minnesota Timberwolves,22500871,01/03/2026,MIN @ DEN,W,240,46,85,0.541,14,36,0.389,11,19,0.579,7,34,41,33,11,5,14,21,117,9,1
22025,1610612754,IND,Indiana Pacers,22500872,01/03/2026,IND vs. MEM,L,240,39,80,0.488,15,39,0.385,13,19,0.684,7,24,31,29,5,9,19,13,106,-19,1
22025,1610612738,BOS,Boston Celtics,22500874,01/03/2026,BOS vs. PHI,W,240,40,91,0.44,16,49,0.327,18,21,0.857,19,40,59,27,4,7,15,19,114,16,1
22025,1610612755,PHI,Philadelphia 76ers,22500874,01/03/2026,PHI @ BOS,L,240,35,88,0.398,12,31,0.387,16,22,0.727,10,27,37,21,10,4,6,17,98,-16,1
22025,1610612758,SAC,Sacramento Kings,22500878,01/03/2026,SAC @ LAL,L,240,42,90,0.467,6,26,0.231,14,15,0.933,16,36,52,30,4,8,20,16,104,-24,1
22025,1610612747,LAL,Los Angeles Lakers,22500878,01/03/2026,LAL vs. SAC,W,240,47,94,0.5,18,39,0.462,16,22,0.727,9,28,37,34,14,9,10,12,128,24,1
22025,1610612746,LAC,LA Clippers,22500877,01/03/2026,LAC vs. NOP,W,240,48,89,0.539,17,36,0.472,24,29,0.828,10,28,38,29,11,3,9,22,137,20,1
22025,1610612740,NOP,New Orleans Pelicans,22500877,01/03/2026,NOP @ LAC,L,240,40,89,0.449,12,33,0.364,25,30,0.833,14,27,41,22,6,4,17,21,117,-20,1
22025,1610612757,POR,Portland Trail Blazers,22500873,01/03/2026,POR @ ATL,L,240,35,87,0.402,13,37,0.351,18,26,0.692,9,29,38,23,5,6,17,15,101,-34,1
22025,1610612751,BKN,Brooklyn Nets,22500869,01/03/2026,BKN vs. CLE,L,240,38,75,0.507,11,32,0.344,15,20,0.75,3,29,32,27,10,4,17,28,102,-4,1
22025,1610612737,ATL,Atlanta Hawks,22500873,01/03/2026,ATL vs. POR,W,240,51,92,0.554,15,40,0.375,18,23,0.783,13,41,54,36,10,5,15,25,135,34,1
22025,1610612763,MEM,Memphis Grizzlies,22500872,01/03/2026,MEM @ IND,W,240,48,94,0.511,15,35,0.429,14,14,1,13,27,40,34,12,9,13,16,125,19,1
22025,1610612753,ORL,Orlando Magic,22500875,01/03/2026,ORL vs. DET,L,240,29,77,0.377,10,36,0.278,24,30,0.8,9,32,41,20,8,4,19,17,92,-14,1
22025,1610612765,DET,Detroit Pistons,22500875,01/03/2026,DET @ ORL,W,240,42,93,0.452,4,30,0.133,18,24,0.75,14,42,56,24,14,6,14,21,106,14,1
22025,1610612760,OKC,Oklahoma City Thunder,22500876,01/03/2026,OKC @ DAL,W,240,41,92,0.446,8,39,0.205,10,15,0.667,7,39,46,22,9,8,9,17,100,13,1
22025,1610612742,DAL,Dallas Mavericks,22500876,01/03/2026,DAL vs. OKC,L,240,33,85,0.388,9,31,0.29,12,16,0.75,9,40,49,20,6,1,17,18,87,-13,1
22025,1610612746,LAC,LA Clippers,22500882,02/03/2026,LAC @ GSW,W,240,42,85,0.494,9,31,0.29,21,23,0.913,15,37,52,18,9,7,14,17,114,13,1
22025,1610612744,GSW,Golden State Warriors,22500882,02/03/2026,GSW vs. LAC,L,240,36,93,0.387,17,48,0.354,12,17,0.706,15,25,40,26,7,2,14,17,101,-13,1
22025,1610612762,UTA,Utah Jazz,22500881,02/03/2026,UTA vs. DEN,L,240,44,86,0.512,15,39,0.385,22,26,0.846,8,25,33,24,11,3,9,28,125,-3,1
22025,1610612743,DEN,Denver Nuggets,22500881,02/03/2026,DEN @ UTA,W,240,40,74,0.541,16,39,0.41,32,35,0.914,8,30,38,25,4,2,15,20,128,3,1
22025,1610612738,BOS,Boston Celtics,22500880,02/03/2026,BOS @ MIL,W,240,41,95,0.432,20,50,0.4,6,9,0.667,19,35,54,31,7,6,11,16,108,27,1
22025,1610612749,MIL,Milwaukee Bucks,22500880,02/03/2026,MIL vs. BOS,L,240,27,74,0.365,13,36,0.361,14,19,0.737,9,32,41,18,7,3,16,13,81,-27,1
22025,1610612764,WAS,Washington Wizards,22500879,02/03/2026,WAS vs. HOU,L,240,44,91,0.484,19,35,0.543,11,14,0.786,7,20,27,20,15,4,13,24,118,-5,1
22025,1610612745,HOU,Houston Rockets,22500879,02/03/2026,HOU @ WAS,W,240,45,92,0.489,9,25,0.36,24,28,0.857,21,38,59,21,10,5,21,17,123,5,1
22025,1610612765,DET,Detroit Pistons,22500884,03/03/2026,DET @ CLE,L,240,39,77,0.506,9,24,0.375,22,29,0.759,10,34,44,29,9,7,14,23,109,-4,1
22025,1610612739,CLE,Cleveland Cavaliers,22500884,03/03/2026,CLE vs. DET,W,240,38,86,0.442,17,46,0.37,20,26,0.769,11,27,38,27,7,4,10,20,113,4,1
22025,1610612756,PHX,Phoenix Suns,22500892,03/03/2026,PHX @ SAC,W,240,42,92,0.457,19,49,0.388,11,17,0.647,18,35,53,31,11,3,19,13,114,11,1
22025,1610612758,SAC,Sacramento Kings,22500892,03/03/2026,SAC vs. PHX,L,240,41,90,0.456,7,27,0.259,14,18,0.778,13,27,40,25,11,2,14,14,103,-11,1
22025,1610612747,LAL,Los Angeles Lakers,22500891,03/03/2026,LAL vs. NOP,W,240,39,83,0.47,11,37,0.297,21,26,0.808,11,37,48,29,7,12,22,17,110,9,1
22025,1610612740,NOP,New Orleans Pelicans,22500891,03/03/2026,NOP @ LAL,L,240,38,90,0.422,8,29,0.276,17,19,0.895,10,31,41,29,12,3,19,24,101,-9,1
22025,1610612759,SAS,San Antonio Spurs,22500888,03/03/2026,SAS @ PHI,W,240,49,89,0.551,18,45,0.4,15,18,0.833,6,50,56,36,10,10,17,20,131,40,1
22025,1610612755,PHI,Philadelphia 76ers,22500888,03/03/2026,PHI vs. SAS,L,240,33,95,0.347,10,42,0.238,15,19,0.789,9,31,40,20,8,5,14,16,91,-40,1
22025,1610612750,MIN,Minnesota Timberwolves,22500890,03/03/2026,MIN vs. MEM,W,240,40,84,0.476,10,34,0.294,27,34,0.794,13,39,52,19,8,2,18,24,117,7,1
22025,1610612760,OKC,Oklahoma City Thunder,22500889,03/03/2026,OKC @ CHI,W,240,43,99,0.434,10,42,0.238,20,24,0.833,12,39,51,23,10,3,9,13,116,8,1
22025,1610612766,CHA,Charlotte Hornets,22500883,03/03/2026,CHA vs. DAL,W,240,42,88,0.477,20,51,0.392,13,19,0.684,13,36,49,32,11,7,15,31,117,27,1
22025,1610612742,DAL,Dallas Mavericks,22500883,03/03/2026,DAL @ CHA,L,240,28,74,0.378,3,22,0.136,31,42,0.738,7,35,42,19,7,4,15,19,90,-27,1
22025,1610612763,MEM,Memphis Grizzlies,22500890,03/03/2026,MEM @ MIN,L,240,36,79,0.456,15,38,0.395,23,29,0.793,5,28,33,27,9,4,17,26,110,-7,1
22025,1610612748,MIA,Miami Heat,22500886,03/03/2026,MIA vs. BKN,W,240,45,91,0.495,13,36,0.361,21,24,0.875,14,32,46,28,13,8,12,19,124,26,1
22025,1610612741,CHI,Chicago Bulls,22500889,03/03/2026,CHI vs. OKC,L,240,39,90,0.433,17,49,0.347,13,19,0.684,10,43,53,27,3,3,19,22,108,-8,1
22025,1610612761,TOR,Toronto Raptors,22500887,03/03/2026,TOR vs. NYK,L,240,35,77,0.455,8,28,0.286,17,19,0.895,5,23,28,24,8,3,15,15,95,-16,1
22025,1610612752,NYK,New York Knicks,22500887,03/03/2026,NYK @ TOR,W,240,46,81,0.568,10,29,0.345,9,12,0.75,6,37,43,32,10,4,18,17,111,16,1
22025,1610612751,BKN,Brooklyn Nets,22500886,03/03/2026,BKN @ MIA,L,240,33,86,0.384,6,32,0.188,26,30,0.867,10,28,38,24,6,5,19,19,98,-26,1
22025,1610612764,WAS,Washington Wizards,22500885,03/03/2026,WAS @ ORL,L,240,43,92,0.467,7,32,0.219,16,25,0.64,13,29,42,23,4,6,14,24,109,-17,1
22025,1610612753,ORL,Orlando Magic,22500885,03/03/2026,ORL vs. WAS,W,240,42,76,0.553,10,25,0.4,32,37,0.865,3,35,38,33,3,6,9,22,126,17,1
22025,1610612746,LAC,LA Clippers,22500898,04/03/2026,LAC vs. IND,W,240,49,89,0.551,12,32,0.375,20,25,0.8,6,41,47,28,8,7,11,23,130,23,1
22025,1610612754,IND,Indiana Pacers,22500898,04/03/2026,IND @ LAC,L,240,36,84,0.429,10,36,0.278,25,31,0.806,5,33,38,26,2,3,13,21,107,-23,1
22025,1610612749,MIL,Milwaukee Bucks,22500897,04/03/2026,MIL vs. ATL,L,240,43,86,0.5,13,39,0.333,14,20,0.7,12,29,41,27,8,2,15,15,113,-18,1
22025,1610612737,ATL,Atlanta Hawks,22500897,04/03/2026,ATL @ MIL,W,240,50,92,0.543,20,45,0.444,11,16,0.688,11,29,40,33,9,7,11,17,131,18,1
22025,1610612738,BOS,Boston Celtics,22500894,04/03/2026,BOS vs. CHA,L,240,30,79,0.38,10,36,0.278,19,20,0.95,9,36,45,18,1,3,16,14,89,-29,1
22025,1610612752,NYK,New York Knicks,22500893,04/03/2026,NYK vs. OKC,L,240,37,88,0.42,10,35,0.286,16,22,0.727,12,36,48,23,5,3,14,24,100,-3,1
22025,1610612760,OKC,Oklahoma City Thunder,22500893,04/03/2026,OKC @ NYK,W,240,33,73,0.452,16,42,0.381,21,25,0.84,3,35,38,21,8,0,16,22,103,3,1
22025,1610612762,UTA,Utah Jazz,22500895,04/03/2026,UTA @ PHI,L,240,36,88,0.409,12,39,0.308,18,19,0.947,13,29,42,22,7,6,15,24,102,-4,1
22025,1610612766,CHA,Charlotte Hornets,22500894,04/03/2026,CHA @ BOS,W,240,41,89,0.461,19,49,0.388,17,21,0.81,11,32,43,26,10,4,5,19,118,29,1
22025,1610612755,PHI,Philadelphia 76ers,22500895,04/03/2026,PHI vs. UTA,W,240,40,88,0.455,9,35,0.257,17,21,0.81,12,31,43,24,6,7,15,17,106,4,1
22025,1610612763,MEM,Memphis Grizzlies,22500896,04/03/2026,MEM vs. POR,L,240,39,87,0.448,14,32,0.438,22,33,0.667,13,25,38,25,12,6,17,23,114,-8,1
22025,1610612757,POR,Portland Trail Blazers,22500896,04/03/2026,POR @ MEM,W,240,48,95,0.505,15,43,0.349,11,18,0.611,20,33,53,29,10,11,17,22,122,8,1
22025,1610612762,UTA,Utah Jazz,22500900,05/03/2026,UTA @ WAS,W,240,47,92,0.511,15,35,0.429,13,18,0.722,17,28,45,31,12,4,12,22,122,10,1
22025,1610612764,WAS,Washington Wizards,22500900,05/03/2026,WAS vs. UTA,L,240,36,77,0.468,18,42,0.429,22,32,0.688,15,28,43,22,8,1,19,20,112,-10,1
22025,1610612745,HOU,Houston Rockets,22500902,05/03/2026,HOU vs. GSW,L,265,44,96,0.458,14,34,0.412,11,15,0.733,17,32,49,26,11,2,18,17,113,-2,1
22025,1610612744,GSW,Golden State Warriors,22500902,05/03/2026,GSW @ HOU,W,265,45,94,0.479,14,38,0.368,11,15,0.733,18,29,47,29,10,5,19,23,115,2,1
22025,1610612751,BKN,Brooklyn Nets,22500901,05/03/2026,BKN @ MIA,L,240,41,95,0.432,16,41,0.39,12,18,0.667,21,28,49,30,9,2,20,19,110,-16,1
22025,1610612748,MIA,Miami Heat,22500901,05/03/2026,MIA vs. BKN,W,240,48,91,0.527,9,27,0.333,21,24,0.875,12,33,45,29,13,8,14,20,126,16,1
22025,1610612750,MIN,Minnesota Timberwolves,22500903,05/03/2026,MIN vs. TOR,W,240,42,81,0.519,13,31,0.419,18,23,0.783,6,35,41,24,10,5,13,22,115,8,1
22025,1610612765,DET,Detroit Pistons,22500904,05/03/2026,DET @ SAS,L,240,35,87,0.402,12,28,0.429,24,30,0.8,14,30,44,20,4,4,10,23,106,-15,1
22025,1610612759,SAS,San Antonio Spurs,22500904,05/03/2026,SAS vs. DET,W,240,42,84,0.5,13,37,0.351,24,30,0.8,8,38,46,24,5,11,9,20,121,15,1
22025,1610612756,PHX,Phoenix Suns,22500905,05/03/2026,PHX vs. CHI,L,240,36,92,0.391,13,46,0.283,18,27,0.667,14,34,48,24,7,3,15,19,103,-2,1
22025,1610612741,CHI,Chicago Bulls,22500905,05/03/2026,CHI @ PHX,W,240,41,86,0.477,7,28,0.25,16,25,0.64,9,37,46,23,8,3,13,22,105,2,1
22025,1610612740,NOP,New Orleans Pelicans,22500907,05/03/2026,NOP @ SAC,W,240,49,98,0.5,12,34,0.353,23,27,0.852,14,38,52,27,7,11,12,18,133,10,1
22025,1610612743,DEN,Denver Nuggets,22500906,05/03/2026,DEN vs. LAL,W,240,39,75,0.52,14,31,0.452,28,31,0.903,7,34,41,27,3,1,18,16,120,7,1
22025,1610612758,SAC,Sacramento Kings,22500907,05/03/2026,SAC vs. NOP,L,240,50,99,0.505,8,31,0.258,15,23,0.652,10,32,42,29,5,3,7,19,123,-10,1
22025,1610612747,LAL,Los Angeles Lakers,22500906,05/03/2026,LAL @ DEN,L,240,45,87,0.517,13,31,0.419,10,15,0.667,6,26,32,30,12,1,10,21,113,-7,1
22025,1610612753,ORL,Orlando Magic,22500899,05/03/2026,ORL vs. DAL,W,240,44,97,0.454,13,39,0.333,14,16,0.875,14,33,47,31,10,2,12,21,115,1,1
22025,1610612742,DAL,Dallas Mavericks,22500899,05/03/2026,DAL @ ORL,L,240,39,86,0.453,14,32,0.438,22,28,0.786,11,33,44,28,6,9,13,17,114,-1,1
22025,1610612761,TOR,Toronto Raptors,22500903,05/03/2026,TOR @ MIN,L,240,41,83,0.494,9,21,0.429,16,24,0.667,11,29,40,22,6,5,14,19,107,-8,1
22025,1610612738,BOS,Boston Celtics,22500908,06/03/2026,BOS vs. DAL,W,240,47,99,0.475,16,48,0.333,10,15,0.667,14,44,58,29,6,10,10,10,120,20,1
22025,1610612742,DAL,Dallas Mavericks,22500908,06/03/2026,DAL @ BOS,L,240,38,93,0.409,14,35,0.4,10,12,0.833,8,37,45,23,2,5,10,16,100,-20,1
22025,1610612748,MIA,Miami Heat,22500909,06/03/2026,MIA @ CHA,W,240,45,97,0.464,18,38,0.474,20,25,0.8,11,33,44,31,7,5,6,14,128,8,1
22025,1610612766,CHA,Charlotte Hornets,22500909,06/03/2026,CHA vs. MIA,L,240,41,96,0.427,19,52,0.365,19,20,0.95,12,36,48,24,5,9,13,18,120,-8,1
22025,1610612757,POR,Portland Trail Blazers,22500910,06/03/2026,POR @ HOU,L,240,33,83,0.398,12,39,0.308,21,37,0.568,16,27,43,20,17,2,16,20,99,-7,1
22025,1610612745,HOU,Houston Rockets,22500910,06/03/2026,HOU vs. POR,W,240,41,76,0.539,5,19,0.263,19,26,0.731,8,36,44,23,9,9,22,25,106,7,1
22025,1610612752,NYK,New York Knicks,22500911,06/03/2026,NYK @ DEN,W,240,55,95,0.579,16,34,0.471,16,21,0.762,14,36,50,44,11,4,11,24,142,39,1
22025,1610612743,DEN,Denver Nuggets,22500911,06/03/2026,DEN vs. NYK,L,240,37,83,0.446,8,40,0.2,21,30,0.7,8,23,31,30,6,1,15,19,103,-39,1
22025,1610612759,SAS,San Antonio Spurs,22500913,06/03/2026,SAS vs. LAC,W,240,46,95,0.484,17,41,0.415,7,14,0.5,15,37,52,29,6,7,13,17,116,4,1
22025,1610612746,LAC,LA Clippers,22500913,06/03/2026,LAC @ SAS,L,240,42,86,0.488,12,33,0.364,16,20,0.8,7,34,41,22,12,3,10,15,112,-4,1
22025,1610612747,LAL,Los Angeles Lakers,22500914,06/03/2026,LAL vs. IND,W,240,45,85,0.529,17,37,0.459,21,23,0.913,6,37,43,25,5,2,13,22,128,11,1
22025,1610612754,IND,Indiana Pacers,22500914,06/03/2026,IND @ LAL,L,240,46,98,0.469,8,35,0.229,17,24,0.708,12,28,40,33,10,4,7,19,117,-11,1
22025,1610612756,PHX,Phoenix Suns,22500912,06/03/2026,PHX vs. NOP,W,240,40,90,0.444,20,58,0.345,18,26,0.692,15,26,41,27,9,6,15,23,118,2,1
22025,1610612740,NOP,New Orleans Pelicans,22500912,06/03/2026,NOP @ PHX,L,240,37,83,0.446,10,28,0.357,32,37,0.865,16,26,42,18,8,3,15,24,116,-2,1
22025,1610612755,PHI,Philadelphia 76ers,22500917,07/03/2026,PHI @ ATL,L,240,47,86,0.547,10,26,0.385,12,18,0.667,10,26,36,27,10,4,21,20,116,-9,1
22025,1610612763,MEM,Memphis Grizzlies,22500918,07/03/2026,MEM vs. LAC,L,240,42,87,0.483,16,43,0.372,20,24,0.833,11,23,34,29,8,6,15,29,120,-3,1
22025,1610612762,UTA,Utah Jazz,22500919,07/03/2026,UTA @ MIL,L,240,31,90,0.344,12,49,0.245,25,29,0.862,13,40,53,23,7,3,12,19,99,-14,1
22025,1610612749,MIL,Milwaukee Bucks,22500919,07/03/2026,MIL vs. UTA,W,240,41,85,0.482,15,44,0.341,16,28,0.571,7,41,48,33,7,5,11,20,113,14,1
22025,1610612746,LAC,LA Clippers,22500918,07/03/2026,LAC @ MEM,W,240,41,82,0.5,4,17,0.235,37,45,0.822,16,28,44,15,10,2,16,20,123,3,1
22025,1610612744,GSW,Golden State Warriors,22500920,07/03/2026,GSW @ OKC,L,240,36,88,0.409,14,45,0.311,11,18,0.611,15,32,47,28,8,3,13,18,97,-7,1
22025,1610612760,OKC,Oklahoma City Thunder,22500920,07/03/2026,OKC vs. GSW,W,240,33,78,0.423,15,42,0.357,23,24,0.958,7,35,42,24,7,1,14,18,104,7,1
22025,1610612751,BKN,Brooklyn Nets,22500916,07/03/2026,BKN @ DET,W,240,35,80,0.438,10,30,0.333,27,28,0.964,12,33,45,20,7,10,20,24,107,2,1
22025,1610612765,DET,Detroit Pistons,22500916,07/03/2026,DET vs. BKN,L,240,36,85,0.424,10,26,0.385,23,31,0.742,11,26,37,21,14,6,14,22,105,-2,1
22025,1610612737,ATL,Atlanta Hawks,22500917,07/03/2026,ATL vs. PHI,W,240,46,83,0.554,13,32,0.406,20,25,0.8,12,27,39,32,11,2,21,18,125,9,1
22025,1610612750,MIN,Minnesota Timberwolves,22500915,07/03/2026,MIN vs. ORL,L,240,30,84,0.357,9,40,0.225,23,31,0.742,8,29,37,17,10,5,12,21,92,-27,1
22025,1610612753,ORL,Orlando Magic,22500915,07/03/2026,ORL @ MIN,W,240,42,91,0.462,9,34,0.265,26,31,0.839,15,43,58,28,8,4,15,24,119,27,1
22025,1610612739,CLE,Cleveland Cavaliers,22500921,08/03/2026,CLE vs. BOS,L,240,35,86,0.407,13,45,0.289,15,21,0.714,10,32,42,23,4,6,9,19,98,-11,1
22025,1610612738,BOS,Boston Celtics,22500921,08/03/2026,BOS @ CLE,W,240,37,84,0.44,15,38,0.395,20,22,0.909,10,39,49,25,2,0,12,20,109,11,1
22025,1610612747,LAL,Los Angeles Lakers,22500922,08/03/2026,LAL vs. NYK,W,240,35,81,0.432,15,44,0.341,25,30,0.833,12,30,42,20,10,5,14,20,110,13,1
22025,1610612764,WAS,Washington Wizards,22500925,08/03/2026,WAS @ NOP,L,240,41,91,0.451,14,42,0.333,22,27,0.815,13,28,41,27,2,3,17,31,118,-20,1
22025,1610612740,NOP,New Orleans Pelicans,22500925,08/03/2026,NOP vs. WAS,W,240,47,89,0.528,7,23,0.304,37,47,0.787,12,32,44,25,11,6,8,20,138,20,1
22025,1610612753,ORL,Orlando Magic,22500926,08/03/2026,ORL @ MIL,W,240,45,80,0.563,14,33,0.424,26,35,0.743,10,39,49,31,11,2,15,19,130,39,1
22025,1610612749,MIL,Milwaukee Bucks,22500926,08/03/2026,MIL vs. ORL,L,240,36,84,0.429,13,44,0.295,6,13,0.462,9,27,36,22,10,3,17,23,91,-39,1
22025,1610612745,HOU,Houston Rockets,22500927,08/03/2026,HOU @ SAS,L,240,42,87,0.483,8,28,0.286,28,32,0.875,8,29,37,25,5,5,12,23,120,-25,1
22025,1610612759,SAS,San Antonio Spurs,22500927,08/03/2026,SAS vs. HOU,W,240,51,88,0.58,21,40,0.525,22,27,0.815,6,26,32,38,4,6,8,26,145,25,1
22025,1610612758,SAC,Sacramento Kings,22500930,08/03/2026,SAC vs. CHI,W,240,47,105,0.448,11,29,0.379,21,23,0.913,13,42,55,33,5,6,4,21,126,16,1
22025,1610612756,PHX,Phoenix Suns,22500928,08/03/2026,PHX vs. CHA,W,240,36,79,0.456,16,41,0.39,23,26,0.885,10,30,40,24,5,5,8,17,111,12,1
22025,1610612766,CHA,Charlotte Hornets,22500928,08/03/2026,CHA @ PHX,L,240,37,88,0.42,15,45,0.333,10,15,0.667,13,28,41,24,1,6,13,21,99,-12,1
22025,1610612742,DAL,Dallas Mavericks,22500924,08/03/2026,DAL @ TOR,L,240,35,88,0.398,5,30,0.167,17,20,0.85,13,34,47,22,5,7,19,20,92,-30,1
22025,1610612761,TOR,Toronto Raptors,22500924,08/03/2026,TOR vs. DAL,W,240,48,95,0.505,10,36,0.278,16,22,0.727,8,34,42,39,11,4,8,19,122,30,1
22025,1610612752,NYK,New York Knicks,22500922,08/03/2026,NYK @ LAL,L,240,35,82,0.427,8,34,0.235,19,21,0.905,10,37,47,23,7,2,19,23,97,-13,1
22025,1610612748,MIA,Miami Heat,22500923,08/03/2026,MIA vs. DET,W,240,43,93,0.462,12,33,0.364,23,25,0.92,13,36,49,31,9,5,12,23,121,11,1
22025,1610612765,DET,Detroit Pistons,22500923,08/03/2026,DET @ MIA,L,240,40,90,0.444,11,37,0.297,19,24,0.792,13,26,39,26,5,12,12,23,110,-11,1
22025,1610612754,IND,Indiana Pacers,22500929,08/03/2026,IND @ POR,L,240,41,95,0.432,14,42,0.333,15,24,0.625,12,26,38,27,9,6,12,22,111,-20,1
22025,1610612741,CHI,Chicago Bulls,22500930,08/03/2026,CHI @ SAC,L,240,35,84,0.417,17,45,0.378,23,34,0.676,9,40,49,27,2,6,14,19,110,-16,1
22025,1610612757,POR,Portland Trail Blazers,22500929,08/03/2026,POR vs. IND,W,240,47,93,0.505,15,41,0.366,22,27,0.815,13,40,53,29,5,8,14,19,131,20,1
22025,1610612746,LAC,LA Clippers,22500935,09/03/2026,LAC vs. NYK,W,240,43,93,0.462,18,39,0.462,22,26,0.846,9,27,36,25,12,4,8,19,126,8,1
22025,1610612752,NYK,New York Knicks,22500935,09/03/2026,NYK @ LAC,L,240,46,90,0.511,14,40,0.35,12,16,0.75,14,37,51,32,5,1,20,23,118,-8,1
22025,1610612744,GSW,Golden State Warriors,22500934,09/03/2026,GSW @ UTA,L,240,43,99,0.434,16,52,0.308,14,21,0.667,19,27,46,33,11,2,10,20,116,-3,1
22025,1610612739,CLE,Cleveland Cavaliers,22500931,09/03/2026,CLE vs. PHI,W,240,38,84,0.452,16,44,0.364,23,25,0.92,9,32,41,28,4,8,10,16,115,14,1
22025,1610612755,PHI,Philadelphia 76ers,22500931,09/03/2026,PHI @ CLE,L,240,39,85,0.459,11,38,0.289,12,18,0.667,11,31,42,20,7,4,17,21,101,-14,1
22025,1610612763,MEM,Memphis Grizzlies,22500932,09/03/2026,MEM @ BKN,L,240,40,92,0.435,14,35,0.4,21,25,0.84,13,23,36,25,9,8,15,15,115,-11,1
22025,1610612751,BKN,Brooklyn Nets,22500932,09/03/2026,BKN vs. MEM,W,240,47,85,0.553,17,33,0.515,15,19,0.789,10,33,43,35,10,9,20,21,126,11,1
22025,1610612760,OKC,Oklahoma City Thunder,22500933,09/03/2026,OKC vs. DEN,W,240,47,93,0.505,19,47,0.404,16,21,0.762,3,34,37,27,3,9,3,20,129,3,1
22025,1610612743,DEN,Denver Nuggets,22500933,09/03/2026,DEN @ OKC,L,240,45,98,0.459,15,37,0.405,21,29,0.724,16,40,56,29,3,3,8,20,126,-3,1
22025,1610612762,UTA,Utah Jazz,22500934,09/03/2026,UTA vs. GSW,W,240,40,83,0.482,12,34,0.353,27,29,0.931,13,37,50,29,8,4,17,17,119,3,1
22025,1610612755,PHI,Philadelphia 76ers,22500936,10/03/2026,PHI vs. MEM,W,240,45,86,0.523,11,31,0.355,38,46,0.826,12,28,40,27,13,5,11,25,139,10,1
22025,1610612759,SAS,San Antonio Spurs,22500942,10/03/2026,SAS vs. BOS,W,240,44,85,0.518,20,47,0.426,17,25,0.68,9,35,44,27,3,2,12,19,125,9,1
22025,1610612738,BOS,Boston Celtics,22500942,10/03/2026,BOS @ SAS,L,240,42,89,0.472,19,51,0.373,13,17,0.765,5,32,37,27,6,4,8,18,116,-9,1
22025,1610612764,WAS,Washington Wizards,22500938,10/03/2026,WAS @ MIA,L,240,46,89,0.517,15,36,0.417,22,29,0.759,4,31,35,25,6,3,24,34,129,-21,1
22025,1610612748,MIA,Miami Heat,22500938,10/03/2026,MIA vs. WAS,W,240,45,90,0.5,13,43,0.302,47,59,0.797,15,33,48,31,16,5,17,22,150,21,1
22025,1610612742,DAL,Dallas Mavericks,22500939,10/03/2026,DAL @ ATL,L,240,41,86,0.477,13,32,0.406,17,22,0.773,12,31,43,28,6,0,14,16,112,-12,1
22025,1610612763,MEM,Memphis Grizzlies,22500936,10/03/2026,MEM @ PHI,L,240,48,97,0.495,17,43,0.395,16,21,0.762,19,25,44,26,5,3,20,31,129,-10,1
22025,1610612737,ATL,Atlanta Hawks,22500939,10/03/2026,ATL vs. DAL,W,240,49,95,0.516,14,36,0.389,12,18,0.667,13,32,45,29,8,8,10,18,124,12,1
22025,1610612744,GSW,Golden State Warriors,22500943,10/03/2026,GSW vs. CHI,L,265,44,105,0.419,20,54,0.37,16,18,0.889,12,37,49,30,9,12,12,18,124,-6,1
22025,1610612741,CHI,Chicago Bulls,22500943,10/03/2026,CHI @ GSW,W,265,50,112,0.446,15,47,0.319,15,18,0.833,20,44,64,34,6,6,14,18,130,6,1
22025,1610612749,MIL,Milwaukee Bucks,22500941,10/03/2026,MIL vs. PHX,L,240,42,82,0.512,16,38,0.421,14,20,0.7,8,31,39,26,6,1,17,13,114,-15,1
22025,1610612756,PHX,Phoenix Suns,22500941,10/03/2026,PHX @ MIL,W,240,48,89,0.539,24,51,0.471,9,11,0.818,8,31,39,33,9,0,12,19,129,15,1
22025,1610612745,HOU,Houston Rockets,22500940,10/03/2026,HOU vs. TOR,W,240,41,82,0.5,10,24,0.417,21,27,0.778,15,37,52,21,8,4,18,19,113,14,1
22025,1610612761,TOR,Toronto Raptors,22500940,10/03/2026,TOR @ HOU,L,240,34,78,0.436,9,36,0.25,22,28,0.786,7,23,30,21,10,4,13,23,99,-14,1
22025,1610612757,POR,Portland Trail Blazers,22500944,10/03/2026,POR vs. CHA,L,240,35,83,0.422,16,42,0.381,15,18,0.833,10,32,42,23,6,8,18,24,101,-2,1
22025,1610612766,CHA,Charlotte Hornets,22500944,10/03/2026,CHA @ POR,W,240,34,88,0.386,14,38,0.368,21,25,0.84,16,36,52,21,12,4,17,20,103,2,1
22025,1610612751,BKN,Brooklyn Nets,22500937,10/03/2026,BKN vs. DET,L,240,29,69,0.42,13,38,0.342,29,34,0.853,7,24,31,23,3,3,19,29,100,-38,1
22025,1610612747,LAL,Los Angeles Lakers,22500946,10/03/2026,LAL vs. MIN,W,240,45,93,0.484,11,38,0.289,19,26,0.731,14,33,47,31,7,2,7,20,120,14,1
22025,1610612765,DET,Detroit Pistons,22500937,10/03/2026,DET @ BKN,W,240,48,85,0.565,16,31,0.516,26,34,0.765,10,30,40,36,12,3,9,24,138,38,1
22025,1610612754,IND,Indiana Pacers,22500945,10/03/2026,IND @ SAC,L,240,38,93,0.409,13,43,0.302,20,22,0.909,8,40,48,29,7,2,15,23,109,-5,1
22025,1610612750,MIN,Minnesota Timberwolves,22500946,10/03/2026,MIN @ LAL,L,240,37,80,0.463,10,40,0.25,22,28,0.786,8,35,43,22,4,5,11,24,106,-14,1
22025,1610612758,SAC,Sacramento Kings,22500945,10/03/2026,SAC vs. IND,W,240,41,90,0.456,7,20,0.35,25,30,0.833,8,44,52,22,10,7,11,18,114,5,1
22025,1610612743,DEN,Denver Nuggets,22500950,11/03/2026,DEN vs. HOU,W,240,48,87,0.552,17,32,0.531,16,22,0.727,8,34,42,36,12,4,10,15,129,36,1
22025,1610612745,HOU,Houston Rockets,22500950,11/03/2026,HOU @ DEN,L,240,42,97,0.433,4,33,0.121,5,14,0.357,16,28,44,25,7,6,16,18,93,-36,1
22025,1610612758,SAC,Sacramento Kings,22500951,11/03/2026,SAC vs. CHA,L,240,45,83,0.542,8,25,0.32,11,14,0.786,8,27,35,24,6,6,14,18,109,-8,1
22025,1610612766,CHA,Charlotte Hornets,22500951,11/03/2026,CHA @ SAC,W,240,41,90,0.456,19,40,0.475,16,17,0.941,13,28,41,29,8,1,16,12,117,8,1
22025,1610612750,MIN,Minnesota Timberwolves,22500952,11/03/2026,MIN @ LAC,L,240,46,77,0.597,11,25,0.44,25,29,0.862,7,21,28,32,5,1,21,24,128,-25,1
22025,1610612746,LAC,LA Clippers,22500952,11/03/2026,LAC vs. MIN,W,240,52,82,0.634,19,37,0.514,30,36,0.833,7,22,29,36,16,4,10,24,153,25,1
22025,1610612739,CLE,Cleveland Cavaliers,22500947,11/03/2026,CLE @ ORL,L,240,44,89,0.494,17,44,0.386,17,26,0.654,12,30,42,24,3,5,10,22,122,-6,1
22025,1610612740,NOP,New Orleans Pelicans,22500948,11/03/2026,NOP vs. TOR,W,240,45,88,0.511,14,29,0.483,18,24,0.75,10,39,49,27,10,5,16,16,122,11,1
22025,1610612752,NYK,New York Knicks,22500949,11/03/2026,NYK @ UTA,W,240,48,92,0.522,17,40,0.425,21,22,0.955,15,30,45,37,10,3,12,16,134,17,1
22025,1610612762,UTA,Utah Jazz,22500949,11/03/2026,UTA vs. NYK,L,240,42,87,0.483,18,36,0.5,15,19,0.789,14,24,38,30,7,4,15,20,117,-17,1
22025,1610612761,TOR,Toronto Raptors,22500948,11/03/2026,TOR @ NOP,L,240,39,94,0.415,14,44,0.318,19,25,0.76,14,29,43,20,13,5,11,17,111,-11,1
22025,1610612753,ORL,Orlando Magic,22500947,11/03/2026,ORL vs. CLE,W,240,44,85,0.518,12,35,0.343,28,37,0.757,8,34,42,29,6,4,6,23,128,6,1
